{"cameraMode":{"drawMode":0,"name":"Shaded","section":"Shading Mode"},"sceneLighting":false,"audioPlay":false,"sceneViewState":{"m_AlwaysRefresh":false,"showFog":true,"showSkybox":false,"showFlares":true,"showImageEffects":true,"showParticleSystems":true,"showVisualEffectGraphs":true,"m_FxEnabled":true},"in2DMode":false,"pivot":{"x":-4.434620380401611,"y":0.19560283422470094,"z":-0.03589540719985962},"rotation":{"x":0.24486033618450166,"y":0.05697984993457794,"z":-0.014456826262176037,"w":0.9678083062171936},"size":1.129179835319519,"orthographic":false}