{"cameraMode":{"drawMode":0,"name":"Shaded","section":"Shading Mode"},"sceneLighting":true,"audioPlay":false,"sceneViewState":{"m_AlwaysRefresh":false,"showFog":true,"showSkybox":true,"showFlares":true,"showImageEffects":true,"showParticleSystems":true,"showVisualEffectGraphs":true,"m_FxEnabled":true},"in2DMode":false,"pivot":{"x":163.4691619873047,"y":0.9550762176513672,"z":59.129417419433597},"rotation":{"x":-0.0005975815583951771,"y":-0.9749324321746826,"z":0.22252070903778077,"w":-0.0026364587247371675},"size":12.461312294006348,"orthographic":false}